customerID,gender,SeniorCitizen,Partner,Dependents,tenure,PhoneService,MultipleLines,InternetService,OnlineSecurity,OnlineBackup,DeviceProtection,TechSupport,StreamingTV,StreamingMovies,Contract,PaperlessBilling,PaymentMethod,MonthlyCharges,TotalCharges,Churn
6302-JGYRJ,Male,0,No,Yes,31,Yes,Yes,DSL,No,Yes,No,Yes,Yes,Yes,One year,Yes,Mailed check,79.45,2587.7,Yes
2320-JRSDE,Female,0,Yes,Yes,1,Yes,No,No,No internet service,No internet service,No internet service,No internet service,No internet service,No internet service,Month-to-month,Yes,Electronic check,19.9,19.9,Yes
2332-EFBJY,Male,0,No,No,16,Yes,No,No,No internet service,No internet service,No internet service,No internet service,No internet service,No internet service,Month-to-month,Yes,Mailed check,19.7,342.4,Yes
1624-WOIWJ,Female,0,No,No,10,Yes,No,Fiber optic,Yes,No,No,No,Yes,No,Month-to-month,Yes,Mailed check,84.7,832.05,Yes
9391-EOYLI,Male,1,Yes,No,12,Yes,No,Fiber optic,No,No,No,No,No,Yes,Month-to-month,Yes,Electronic check,80.45,950.2,Yes
1977-STDKI,Female,1,No,No,1,Yes,No,Fiber optic,No,Yes,No,No,No,No,Month-to-month,Yes,Electronic check,73.0,73,Yes
8919-FYFQZ,Male,1,Yes,No,44,No,No phone service,DSL,No,Yes,No,No,No,No,Month-to-month,Yes,Electronic check,30.35,1359.7,Yes
7893-IXHRQ,Male,0,No,No,1,Yes,No,No,No internet service,No internet service,No internet service,No internet service,No internet service,No internet service,Month-to-month,No,Electronic check,20.55,20.55,Yes
5835-BEQEU,Male,0,No,No,3,Yes,Yes,Fiber optic,No,No,No,No,No,No,Month-to-month,Yes,Electronic check,76.95,228.4,Yes
6275-YDUVO,Female,0,No,No,2,Yes,No,Fiber optic,No,No,Yes,No,No,Yes,Month-to-month,Yes,Mailed check,86.2,178.7,Yes
6347-DCUIK,Male,0,No,No,10,Yes,Yes,Fiber optic,No,No,No,No,No,No,Month-to-month,Yes,Mailed check,74.15,811.8,Yes
1567-DSCIC,Male,0,No,No,8,Yes,Yes,Fiber optic,No,Yes,Yes,No,Yes,No,Month-to-month,Yes,Electronic check,94.0,773.65,Yes
9239-ZBZZV,Female,0,No,No,6,No,No phone service,DSL,No,No,Yes,No,Yes,Yes,Month-to-month,Yes,Electronic check,47.95,305.1,Yes
3838-OZURD,Male,0,Yes,No,66,Yes,Yes,Fiber optic,No,Yes,Yes,No,Yes,Yes,Month-to-month,Yes,Credit card (automatic),105.0,7133.25,Yes
6029-WTIPC,Male,1,No,No,37,Yes,Yes,Fiber optic,No,No,Yes,No,Yes,Yes,Month-to-month,Yes,Electronic check,101.1,3744.05,Yes
7927-AUXBZ,Female,0,No,No,30,Yes,No,Fiber optic,No,No,No,Yes,Yes,No,Month-to-month,No,Electronic check,85.15,2555.9,Yes
8020-BWHYL,Female,1,No,No,15,Yes,No,Fiber optic,No,Yes,No,No,No,No,Month-to-month,Yes,Credit card (automatic),75.3,1147.45,Yes
1349-WXNGG,Male,0,No,No,1,Yes,No,No,No internet service,No internet service,No internet service,No internet service,No internet service,No internet service,Month-to-month,No,Bank transfer (automatic),20.05,20.05,Yes
8623-TMRBY,Male,1,Yes,Yes,51,Yes,Yes,Fiber optic,No,Yes,Yes,No,No,No,Month-to-month,Yes,Electronic check,84.2,4146.05,Yes
3223-WZWJM,Male,0,No,No,26,Yes,Yes,Fiber optic,No,No,No,No,No,Yes,Month-to-month,Yes,Electronic check,83.95,2254.2,Yes
3992-YWPKO,Female,0,No,No,6,Yes,Yes,Fiber optic,No,Yes,Yes,Yes,Yes,Yes,Month-to-month,Yes,Credit card (automatic),109.9,669.45,Yes
1024-VRZHF,Male,0,Yes,No,11,Yes,Yes,Fiber optic,No,No,No,No,No,No,Month-to-month,Yes,Electronic check,74.95,825.7,Yes
2154-KVJFF,Female,0,No,No,15,Yes,Yes,Fiber optic,No,Yes,No,No,No,No,Month-to-month,Yes,Electronic check,79.75,1111.85,Yes
5229-PRWKT,Male,0,No,No,8,Yes,Yes,Fiber optic,No,No,No,No,No,Yes,Month-to-month,Yes,Electronic check,86.55,649.65,Yes
0224-HJAPT,Male,0,No,No,5,Yes,Yes,DSL,No,No,No,No,No,No,Month-to-month,No,Electronic check,47.15,223.15,Yes
2884-GBPFB,Female,0,Yes,No,35,Yes,No,Fiber optic,No,No,No,No,No,No,Month-to-month,Yes,Electronic check,70.3,2416.55,Yes
7242-QZLXF,Male,0,No,Yes,1,No,No phone service,DSL,No,No,No,No,No,No,Month-to-month,Yes,Electronic check,25.3,25.3,Yes
4704-ERYFC,Female,0,Yes,No,22,Yes,No,Fiber optic,No,No,No,No,No,No,Month-to-month,Yes,Electronic check,69.25,1554,Yes
6618-RYATB,Female,0,No,No,1,Yes,Yes,Fiber optic,No,No,Yes,No,No,No,Month-to-month,Yes,Mailed check,79.55,79.55,Yes
4228-ZGYUW,Male,0,No,No,4,Yes,Yes,Fiber optic,No,Yes,No,No,No,Yes,Month-to-month,Yes,Electronic check,90.05,368.1,Yes
3348-CFRNX,Female,0,Yes,No,28,Yes,No,Fiber optic,Yes,No,No,No,Yes,Yes,Month-to-month,Yes,Mailed check,92.35,2602.9,Yes
2667-WYLWJ,Female,0,Yes,Yes,8,Yes,No,No,No internet service,No internet service,No internet service,No internet service,No internet service,No internet service,One year,Yes,Mailed check,19.75,145,Yes
3090-HAWSU,Male,0,No,No,61,Yes,Yes,Fiber optic,Yes,No,Yes,Yes,Yes,Yes,Two year,Yes,Credit card (automatic),111.6,6876.05,Yes
8380-PEFPE,Male,0,No,Yes,1,Yes,No,Fiber optic,No,No,No,No,No,No,Month-to-month,Yes,Electronic check,71.65,71.65,Yes
0406-BPDVR,Female,1,Yes,No,54,Yes,Yes,Fiber optic,No,Yes,No,No,Yes,Yes,One year,Yes,Credit card (automatic),101.5,5373.1,Yes
6900-PXRMS,Male,1,Yes,Yes,26,Yes,Yes,Fiber optic,No,Yes,Yes,No,Yes,Yes,Month-to-month,No,Electronic check,105.75,2710.25,Yes
3244-DCJWY,Female,0,No,No,1,Yes,No,Fiber optic,No,No,No,No,No,No,Month-to-month,Yes,Electronic check,70.25,70.25,Yes
1980-KXVPM,Female,1,No,No,3,Yes,Yes,Fiber optic,No,No,No,No,No,No,Month-to-month,Yes,Credit card (automatic),75.05,256.25,Yes
6416-TVAIH,Male,0,Yes,Yes,1,Yes,No,Fiber optic,No,No,No,No,No,No,Month-to-month,Yes,Electronic check,68.5,68.5,Yes
4523-WXCEF,Female,0,Yes,No,59,Yes,Yes,Fiber optic,No,Yes,No,No,Yes,Yes,Month-to-month,No,Electronic check,101.1,6039.9,Yes
2141-RRYGO,Female,0,No,No,4,Yes,No,DSL,No,Yes,No,No,Yes,Yes,Month-to-month,Yes,Bank transfer (automatic),68.65,261.25,Yes
4110-PFEUZ,Female,0,No,No,1,Yes,No,Fiber optic,No,No,No,No,No,No,Month-to-month,No,Mailed check,69.55,69.55,Yes
3207-OYBWH,Male,1,Yes,No,57,Yes,Yes,Fiber optic,No,Yes,Yes,No,No,Yes,Month-to-month,Yes,Bank transfer (automatic),95.25,5427.05,Yes
9025-AOMKI,Female,0,No,No,6,Yes,Yes,Fiber optic,No,No,No,No,Yes,Yes,Month-to-month,Yes,Bank transfer (automatic),93.55,536.4,Yes
9940-RHLFB,Female,0,No,No,1,Yes,No,Fiber optic,No,No,Yes,No,No,No,Month-to-month,No,Electronic check,75.3,75.3,Yes
7851-WZEKY,Female,0,No,No,2,Yes,Yes,Fiber optic,No,No,No,No,Yes,Yes,Month-to-month,Yes,Electronic check,95.15,196.9,Yes
3891-PUQOD,Female,0,No,Yes,1,Yes,No,DSL,No,No,Yes,No,No,Yes,Month-to-month,No,Electronic check,59.2,59.2,Yes
8155-IBNHG,Female,0,Yes,No,24,Yes,Yes,Fiber optic,No,No,No,No,No,No,Month-to-month,Yes,Credit card (automatic),75.4,1747.85,Yes
2889-FPWRM,Male,0,Yes,No,72,Yes,Yes,Fiber optic,Yes,Yes,Yes,Yes,Yes,Yes,One year,Yes,Bank transfer (automatic),117.8,8684.8,Yes
8185-UPYBR,Male,0,Yes,No,6,Yes,Yes,Fiber optic,No,No,No,No,No,No,Month-to-month,Yes,Electronic check,75.5,438,Yes
3721-CNEYS,Female,0,No,No,2,Yes,No,Fiber optic,No,No,No,No,No,No,Month-to-month,Yes,Electronic check,70.95,137.95,Yes
4806-KEXQR,Male,0,No,No,4,Yes,No,Fiber optic,No,No,No,No,No,Yes,Month-to-month,Yes,Electronic check,79.9,324.3,Yes
0841-NULXI,Male,0,No,No,1,No,No phone service,DSL,No,No,No,No,No,Yes,Month-to-month,Yes,Electronic check,35.55,35.55,Yes
7254-IQWOZ,Male,0,No,No,1,Yes,No,Fiber optic,No,No,No,No,No,No,Month-to-month,Yes,Electronic check,69.65,69.65,Yes
2876-VBBBL,Female,0,No,No,1,Yes,No,No,No internet service,No internet service,No internet service,No internet service,No internet service,No internet service,Month-to-month,Yes,Mailed check,20.25,20.25,Yes
6173-ITPWD,Male,0,Yes,No,47,Yes,Yes,Fiber optic,No,Yes,Yes,No,No,No,Month-to-month,Yes,Bank transfer (automatic),83.35,4065,Yes
9820-RMCQV,Female,0,No,No,11,Yes,No,DSL,Yes,No,No,No,No,No,Month-to-month,No,Credit card (automatic),48.55,501,Yes
5385-SUIRI,Male,1,Yes,No,52,Yes,Yes,Fiber optic,Yes,No,Yes,No,Yes,Yes,Month-to-month,Yes,Electronic check,104.2,5568.35,Yes
5729-KLZAR,Female,0,Yes,Yes,4,Yes,No,Fiber optic,No,No,No,No,No,Yes,Month-to-month,No,Electronic check,80.85,302.75,Yes
6323-AYBRX,Male,0,No,No,59,Yes,No,No,No internet service,No internet service,No internet service,No internet service,No internet service,No internet service,Two year,No,Mailed check,19.35,1099.6,Yes
4658-HCOHW,Female,0,Yes,Yes,21,Yes,No,Fiber optic,No,Yes,Yes,Yes,Yes,Yes,Month-to-month,Yes,Electronic check,102.8,2110.15,Yes
7198-GLXTC,Male,0,No,No,2,Yes,No,Fiber optic,No,No,No,No,Yes,No,Month-to-month,No,Electronic check,79.0,143.65,Yes
6653-CBBOM,Female,0,No,No,1,Yes,No,Fiber optic,No,No,No,No,No,No,Month-to-month,Yes,Electronic check,70.3,70.3,Yes
7240-ETPTR,Female,0,Yes,No,9,No,No phone service,DSL,No,No,Yes,No,Yes,Yes,Month-to-month,Yes,Electronic check,48.75,442.2,Yes
7028-DVOIQ,Male,1,No,No,35,Yes,Yes,Fiber optic,No,No,Yes,No,Yes,Yes,Month-to-month,Yes,Electronic check,99.05,3395.8,Yes
0236-HFWSV,Male,0,No,No,15,Yes,Yes,Fiber optic,No,No,No,No,Yes,Yes,Month-to-month,Yes,Electronic check,93.35,1444.65,Yes
4745-LSPLO,Male,0,No,No,1,Yes,No,No,No internet service,No internet service,No internet service,No internet service,No internet service,No internet service,Month-to-month,No,Mailed check,20.5,20.5,Yes
4412-YLTKF,Female,1,No,No,27,Yes,Yes,Fiber optic,No,No,Yes,No,No,No,Month-to-month,Yes,Electronic check,78.05,2135.5,Yes
6502-HCJTI,Male,1,Yes,No,7,Yes,Yes,Fiber optic,Yes,Yes,No,No,No,Yes,Month-to-month,Yes,Credit card (automatic),94.7,673.1,Yes
2718-GAXQD,Female,1,Yes,Yes,4,Yes,No,DSL,No,No,No,No,No,No,Month-to-month,No,Electronic check,46.0,181.6,Yes
2115-BFTIW,Male,0,No,No,25,Yes,No,Fiber optic,No,No,No,No,No,No,Month-to-month,No,Mailed check,70.95,1767.35,Yes
6161-UUUTA,Male,1,No,No,3,Yes,No,Fiber optic,No,No,No,No,Yes,No,Month-to-month,Yes,Electronic check,79.9,260.9,Yes
3398-ZOUAA,Male,1,Yes,No,21,Yes,No,Fiber optic,No,No,No,No,No,No,Month-to-month,Yes,Electronic check,69.1,1474.75,Yes
0661-XEYAN,Female,1,No,No,1,No,No phone service,DSL,No,No,No,No,No,No,Month-to-month,Yes,Mailed check,25.8,25.8,Yes
6397-JNZZG,Female,1,Yes,No,43,No,No phone service,DSL,No,Yes,Yes,No,Yes,Yes,Month-to-month,No,Credit card (automatic),55.55,2342.2,Yes
2957-LOLHO,Male,0,No,No,12,Yes,No,DSL,No,No,No,No,No,No,Month-to-month,Yes,Bank transfer (automatic),45.4,518.9,Yes
9221-OTIVJ,Female,1,No,No,14,Yes,Yes,Fiber optic,No,Yes,Yes,No,Yes,Yes,Month-to-month,Yes,Electronic check,104.85,1531.4,Yes
5174-RNGBH,Female,0,No,No,9,Yes,No,DSL,No,Yes,No,Yes,Yes,No,Month-to-month,No,Mailed check,66.25,620.55,Yes
6543-XRMYR,Female,1,No,No,30,Yes,Yes,Fiber optic,No,Yes,No,No,Yes,Yes,Month-to-month,Yes,Electronic check,99.7,2967.35,Yes
1670-SVOWZ,Female,0,Yes,Yes,14,Yes,No,Fiber optic,No,Yes,No,Yes,No,Yes,Month-to-month,Yes,Credit card (automatic),89.65,1208.35,Yes
4749-VFKVB,Female,0,No,No,1,Yes,Yes,DSL,No,No,No,No,No,No,Month-to-month,Yes,Mailed check,50.1,50.1,Yes
5103-MHMHY,Female,0,No,Yes,1,Yes,No,DSL,No,No,No,No,No,No,Month-to-month,No,Mailed check,45.95,45.95,Yes
0876-WDUUZ,Female,0,No,No,5,Yes,No,Fiber optic,No,No,No,Yes,No,Yes,Month-to-month,Yes,Credit card (automatic),85.4,425.9,Yes
2984-MIIZL,Male,0,No,No,4,Yes,No,Fiber optic,No,No,Yes,No,No,No,Month-to-month,Yes,Bank transfer (automatic),74.8,321.9,Yes
9490-DFPMD,Female,1,No,No,42,Yes,Yes,Fiber optic,No,No,No,No,Yes,No,Month-to-month,Yes,Electronic check,84.65,3541.35,Yes
6715-OFDBP,Male,0,No,No,5,Yes,No,DSL,No,No,Yes,No,Yes,Yes,Month-to-month,Yes,Electronic check,70.05,346.4,Yes
6996-KNSML,Female,0,No,No,1,Yes,No,Fiber optic,No,No,Yes,No,No,No,Month-to-month,Yes,Electronic check,74.9,74.9,Yes
0235-KGSLC,Female,0,No,No,1,Yes,No,Fiber optic,No,No,Yes,No,Yes,No,Month-to-month,Yes,Credit card (automatic),85.55,85.55,Yes
7598-UAASY,Male,0,Yes,No,2,Yes,No,Fiber optic,No,No,Yes,No,No,No,Month-to-month,No,Electronic check,76.4,151.8,Yes
6352-TWCAU,Female,0,No,No,35,Yes,Yes,Fiber optic,No,No,No,No,Yes,No,Month-to-month,Yes,Electronic check,86.45,3029.1,Yes
9274-CNFMO,Male,1,Yes,No,4,Yes,Yes,Fiber optic,No,No,No,No,No,No,Month-to-month,No,Electronic check,74.95,308.7,Yes
6204-IEUXJ,Female,0,No,No,3,Yes,No,Fiber optic,No,No,Yes,Yes,No,No,Month-to-month,No,Credit card (automatic),80.1,217.55,Yes
6770-XUAGN,Female,0,Yes,Yes,1,Yes,No,No,No internet service,No internet service,No internet service,No internet service,No internet service,No internet service,Month-to-month,Yes,Electronic check,21.0,21,Yes
1449-XQEMT,Male,0,No,No,3,Yes,No,No,No internet service,No internet service,No internet service,No internet service,No internet service,No internet service,Month-to-month,Yes,Mailed check,19.8,58.15,Yes
2856-HYAPG,Female,0,No,No,1,Yes,No,Fiber optic,No,No,No,No,No,No,Month-to-month,No,Electronic check,68.65,68.65,Yes
4404-HIBDJ,Female,0,No,No,25,Yes,No,DSL,Yes,Yes,Yes,Yes,Yes,No,One year,No,Mailed check,74.3,1863.8,Yes
3009-JWMPU,Male,0,No,No,62,Yes,Yes,Fiber optic,No,No,Yes,No,Yes,Yes,One year,Yes,Electronic check,96.75,6125.4,Yes
9831-BPFRI,Female,0,Yes,Yes,39,Yes,Yes,Fiber optic,No,Yes,Yes,Yes,No,No,One year,Yes,Electronic check,89.55,3474.45,Yes
8397-MVTAZ,Male,0,Yes,No,34,Yes,Yes,Fiber optic,No,No,Yes,No,Yes,Yes,Month-to-month,Yes,Electronic check,100.05,3480,Yes
4124-MMETB,Male,0,No,No,22,Yes,Yes,Fiber optic,No,No,No,No,Yes,Yes,Month-to-month,Yes,Credit card (automatic),94.65,2104.55,Yes
8974-OVACP,Female,0,No,No,1,Yes,No,No,No internet service,No internet service,No internet service,No internet service,No internet service,No internet service,Month-to-month,No,Mailed check,20.15,20.15,No
3976-HXHCE,Male,0,No,No,72,Yes,No,No,No internet service,No internet service,No internet service,No internet service,No internet service,No internet service,Two year,No,Bank transfer (automatic),19.3,1414.8,No
0999-QXNSA,Male,1,No,Yes,7,Yes,No,DSL,No,No,No,No,No,No,Month-to-month,Yes,Mailed check,45.75,344.2,No
0442-TDYUO,Male,0,Yes,No,48,Yes,No,No,No internet service,No internet service,No internet service,No internet service,No internet service,No internet service,Two year,Yes,Mailed check,20.05,1036,No
7562-UXTPG,Female,0,No,No,13,Yes,No,Fiber optic,No,No,No,No,No,No,Month-to-month,Yes,Mailed check,70.15,886.7,No
8022-BECSI,Male,0,No,No,22,Yes,No,No,No internet service,No internet service,No internet service,No internet service,No internet service,No internet service,One year,No,Mailed check,19.6,422.5,No
7107-UBYKY,Female,0,Yes,Yes,35,Yes,Yes,No,No internet service,No internet service,No internet service,No internet service,No internet service,No internet service,Month-to-month,Yes,Electronic check,25.75,882.55,No
0277-BKSQP,Male,0,Yes,Yes,8,Yes,No,DSL,No,No,No,No,Yes,No,Month-to-month,Yes,Electronic check,54.4,475.1,No
9801-NOSHQ,Male,0,No,Yes,23,Yes,No,No,No internet service,No internet service,No internet service,No internet service,No internet service,No internet service,One year,No,Mailed check,19.8,465.45,No
8329-UTMVM,Male,1,No,No,27,Yes,Yes,Fiber optic,No,Yes,No,Yes,Yes,Yes,One year,Yes,Bank transfer (automatic),104.65,2964,No
5453-AXEPF,Male,0,Yes,No,17,Yes,Yes,Fiber optic,No,Yes,No,No,No,No,Month-to-month,Yes,Bank transfer (automatic),80.5,1336.9,No
9970-QBCDA,Female,0,No,No,6,Yes,No,No,No internet service,No internet service,No internet service,No internet service,No internet service,No internet service,Month-to-month,No,Credit card (automatic),19.7,129.55,No
0336-PIKEI,Male,1,Yes,No,72,Yes,No,DSL,Yes,Yes,Yes,Yes,Yes,No,Two year,No,Bank transfer (automatic),74.4,5360.75,No
3752-CQSJI,Female,0,Yes,Yes,13,Yes,No,No,No internet service,No internet service,No internet service,No internet service,No internet service,No internet service,Month-to-month,Yes,Mailed check,20.45,254.5,No
1746-TGTWV,Male,0,Yes,No,1,Yes,No,Fiber optic,No,No,Yes,No,No,No,Month-to-month,No,Credit card (automatic),75.35,75.35,No
5124-EOGYE,Male,0,No,No,31,Yes,No,No,No internet service,No internet service,No internet service,No internet service,No internet service,No internet service,Two year,No,Mailed check,20.45,638.55,No
3078-ZKNTS,Female,0,Yes,Yes,13,Yes,No,No,No internet service,No internet service,No internet service,No internet service,No internet service,No internet service,Two year,Yes,Bank transfer (automatic),19.75,246.7,No
6614-YWYSC,Male,1,Yes,No,61,Yes,Yes,No,No internet service,No internet service,No internet service,No internet service,No internet service,No internet service,Two year,No,Bank transfer (automatic),25.0,1501.75,No
7426-GSWPO,Male,1,No,No,64,Yes,Yes,Fiber optic,Yes,Yes,No,No,Yes,Yes,Month-to-month,Yes,Bank transfer (automatic),103.5,6548.65,No
3082-WQRVY,Male,1,Yes,No,14,Yes,No,No,No internet service,No internet service,No internet service,No internet service,No internet service,No internet service,One year,No,Mailed check,19.65,228.65,No
4573-JKNAE,Male,0,No,Yes,12,Yes,No,No,No internet service,No internet service,No internet service,No internet service,No internet service,No internet service,Two year,No,Bank transfer (automatic),19.35,212.3,No
4079-WWQQQ,Male,0,No,No,72,No,No phone service,DSL,Yes,Yes,Yes,Yes,Yes,Yes,Two year,Yes,Bank transfer (automatic),65.55,4807.45,No
4369-NYSCF,Male,0,No,No,56,Yes,No,DSL,No,Yes,No,Yes,Yes,Yes,One year,Yes,Bank transfer (automatic),75.75,4284.65,No
2274-XUATA,Male,1,Yes,No,72,No,No phone service,DSL,Yes,Yes,Yes,Yes,Yes,Yes,Two year,Yes,Bank transfer (automatic),63.1,4685.55,No
5016-LIPDW,Male,0,Yes,Yes,57,Yes,No,No,No internet service,No internet service,No internet service,No internet service,No internet service,No internet service,One year,No,Mailed check,19.4,1061.6,No
2990-OGYTD,Female,0,Yes,No,67,Yes,Yes,DSL,No,Yes,Yes,Yes,Yes,Yes,Two year,No,Bank transfer (automatic),86.15,5883.85,No
1488-PBLJN,Female,0,Yes,Yes,72,Yes,Yes,Fiber optic,Yes,Yes,Yes,Yes,Yes,Yes,Two year,Yes,Bank transfer (automatic),116.85,8477.7,No
5197-PYEPU,Female,0,Yes,Yes,42,Yes,Yes,Fiber optic,Yes,Yes,No,No,Yes,No,One year,Yes,Credit card (automatic),94.45,3923.8,No
6103-LIANB,Male,0,Yes,Yes,59,Yes,Yes,Fiber optic,No,No,Yes,No,Yes,Yes,Two year,Yes,Credit card (automatic),99.5,5861.75,No
0310-SUCIN,Female,0,Yes,No,71,Yes,No,DSL,Yes,Yes,Yes,Yes,Yes,Yes,One year,Yes,Bank transfer (automatic),84.8,6046.1,No
6131-FOYAS,Male,0,No,No,35,Yes,Yes,DSL,Yes,No,Yes,No,No,No,Month-to-month,Yes,Electronic check,59.6,2094.9,No
1162-ECVII,Male,1,Yes,No,72,Yes,Yes,Fiber optic,No,Yes,Yes,Yes,Yes,Yes,Two year,Yes,Bank transfer (automatic),109.75,7932.5,No
0447-RXSGD,Male,0,No,No,24,Yes,Yes,Fiber optic,No,Yes,No,No,Yes,Yes,Month-to-month,Yes,Bank transfer (automatic),99.65,2404.85,No
2688-BHGOG,Male,1,No,No,9,Yes,No,Fiber optic,No,No,No,No,No,Yes,Month-to-month,Yes,Electronic check,79.55,718.55,No
0014-BMAQU,Male,0,Yes,No,63,Yes,Yes,Fiber optic,Yes,No,No,Yes,No,No,Two year,Yes,Credit card (automatic),84.65,5377.8,No
8049-WJCLQ,Male,0,Yes,Yes,10,Yes,No,DSL,No,No,Yes,No,Yes,No,Month-to-month,No,Mailed check,60.2,563.5,No
7242-EDTYC,Male,0,No,Yes,44,Yes,No,No,No internet service,No internet service,No internet service,No internet service,No internet service,No internet service,Two year,No,Bank transfer (automatic),19.55,819.95,No
3580-HYCSP,Male,0,Yes,Yes,72,Yes,Yes,Fiber optic,Yes,Yes,Yes,No,Yes,Yes,Two year,Yes,Bank transfer (automatic),110.3,7966.9,No
8958-JPTRR,Female,0,Yes,No,56,Yes,Yes,No,No internet service,No internet service,No internet service,No internet service,No internet service,No internet service,One year,No,Electronic check,24.3,1261.7,No
1304-SEGFY,Female,0,Yes,No,72,Yes,Yes,Fiber optic,No,No,Yes,No,Yes,Yes,Two year,Yes,Electronic check,97.85,6841.3,No
4712-UYOOI,Female,0,Yes,Yes,20,Yes,No,No,No internet service,No internet service,No internet service,No internet service,No internet service,No internet service,Month-to-month,No,Electronic check,20.0,417.65,No
4312-GVYNH,Female,0,Yes,No,70,No,No phone service,DSL,Yes,No,Yes,Yes,No,Yes,Two year,Yes,Bank transfer (automatic),49.85,3370.2,No
1245-HARPS,Female,0,Yes,No,14,Yes,No,No,No internet service,No internet service,No internet service,No internet service,No internet service,No internet service,Two year,No,Mailed check,20.4,292.4,No
9251-AWQGT,Female,0,Yes,Yes,48,Yes,No,No,No internet service,No internet service,No internet service,No internet service,No internet service,No internet service,Two year,No,Mailed check,20.0,935.9,No
0098-BOWSO,Male,0,No,No,27,Yes,No,No,No internet service,No internet service,No internet service,No internet service,No internet service,No internet service,Month-to-month,Yes,Electronic check,19.4,529.8,No
7801-CEDNV,Male,0,Yes,No,27,Yes,No,DSL,Yes,No,No,No,No,No,One year,No,Credit card (automatic),48.7,1421.75,No
1548-ARAGG,Female,0,Yes,Yes,4,Yes,Yes,DSL,No,Yes,No,Yes,No,No,Month-to-month,Yes,Mailed check,58.5,224.85,No
7524-VRLPL,Male,1,No,No,69,Yes,Yes,DSL,Yes,No,Yes,Yes,No,Yes,Two year,No,Credit card (automatic),74.1,5031,No
7601-WFVZV,Male,0,No,No,1,Yes,No,No,No internet service,No internet service,No internet service,No internet service,No internet service,No internet service,Month-to-month,No,Mailed check,19.55,19.55,No
0953-LGOVU,Male,0,Yes,Yes,12,No,No phone service,DSL,No,Yes,No,Yes,No,No,Month-to-month,No,Mailed check,35.5,432.25,No
1208-NBVFH,Male,0,Yes,Yes,20,Yes,No,DSL,No,No,Yes,No,No,No,Month-to-month,Yes,Electronic check,49.6,939.8,No
4439-YRNVD,Female,0,No,No,10,No,No phone service,DSL,No,Yes,No,Yes,No,No,Month-to-month,No,Electronic check,36.25,374,No
6339-RZCBJ,Male,0,No,No,48,Yes,No,DSL,No,Yes,Yes,Yes,Yes,Yes,Two year,No,Credit card (automatic),78.9,3771.5,No
2519-ERQOJ,Male,1,No,No,33,No,No phone service,DSL,No,No,Yes,Yes,Yes,Yes,Month-to-month,Yes,Electronic check,54.6,1803.7,No
5151-HQRDG,Male,0,Yes,No,37,Yes,Yes,DSL,Yes,No,No,No,No,No,Month-to-month,Yes,Mailed check,55.05,2030.75,No
4304-XUMGI,Male,1,Yes,Yes,50,Yes,Yes,DSL,Yes,Yes,Yes,No,No,Yes,Two year,Yes,Bank transfer (automatic),75.15,3822.45,No
8332-OSJDW,Male,0,Yes,Yes,12,Yes,Yes,No,No internet service,No internet service,No internet service,No internet service,No internet service,No internet service,One year,No,Mailed check,26.4,314.95,No
2267-FPIMA,Male,0,Yes,No,50,Yes,Yes,Fiber optic,Yes,Yes,No,No,No,Yes,Month-to-month,Yes,Credit card (automatic),94.4,4914.9,No
9552-TGUZV,Male,0,Yes,No,8,Yes,No,Fiber optic,Yes,No,No,No,No,No,Month-to-month,Yes,Mailed check,75.0,658.1,No
9578-FOMUK,Male,0,No,Yes,15,Yes,Yes,No,No internet service,No internet service,No internet service,No internet service,No internet service,No internet service,Month-to-month,Yes,Electronic check,24.8,324.15,No
8184-WMOFI,Male,0,Yes,Yes,62,Yes,No,DSL,Yes,No,Yes,Yes,No,Yes,One year,No,Credit card (automatic),71.4,4487.3,No
7110-BDTWG,Female,0,Yes,No,71,No,No phone service,DSL,No,No,Yes,Yes,No,Yes,Two year,Yes,Electronic check,47.05,3263.6,No
6439-LAJXL,Male,0,Yes,No,9,Yes,No,DSL,Yes,Yes,No,Yes,Yes,No,Month-to-month,Yes,Mailed check,68.95,593.85,No
2284-VFLKH,Male,0,Yes,No,49,Yes,No,Fiber optic,No,No,Yes,Yes,Yes,Yes,One year,Yes,Credit card (automatic),99.25,4920.8,No
5451-YHYPW,Female,1,Yes,No,72,Yes,Yes,Fiber optic,Yes,Yes,Yes,Yes,Yes,Yes,Two year,Yes,Credit card (automatic),115.75,8443.7,No
3279-DYZQM,Male,0,Yes,Yes,71,Yes,No,No,No internet service,No internet service,No internet service,No internet service,No internet service,No internet service,Two year,No,Mailed check,19.45,1378.45,No
8486-AYEQH,Female,0,No,No,31,Yes,Yes,Fiber optic,No,No,No,No,No,No,Month-to-month,Yes,Electronic check,76.05,2227.8,No
4872-VXRIL,Male,0,No,No,56,Yes,Yes,DSL,Yes,Yes,No,Yes,No,No,One year,Yes,Bank transfer (automatic),64.65,3665.55,No
0292-WEGCH,Female,0,Yes,Yes,54,Yes,Yes,DSL,No,Yes,Yes,Yes,Yes,Yes,Month-to-month,Yes,Electronic check,86.2,4524.05,No
7349-ALMUX,Male,0,No,No,37,Yes,No,DSL,Yes,Yes,Yes,Yes,No,No,Two year,No,Bank transfer (automatic),65.6,2313.8,No
3688-FTHLT,Female,0,No,No,16,Yes,Yes,DSL,No,No,No,No,No,Yes,Month-to-month,Yes,Bank transfer (automatic),63.05,1067.05,No
6176-YJWAS,Male,0,Yes,No,72,Yes,Yes,Fiber optic,Yes,Yes,Yes,No,Yes,No,Two year,Yes,Credit card (automatic),97.95,7114.25,No
3352-RICWQ,Female,0,Yes,Yes,9,Yes,No,No,No internet service,No internet service,No internet service,No internet service,No internet service,No internet service,Two year,No,Mailed check,19.75,210.65,No
0936-NQLJU,Female,0,Yes,No,41,Yes,No,No,No internet service,No internet service,No internet service,No internet service,No internet service,No internet service,Two year,No,Credit card (automatic),20.65,875.55,No
5135-RDDQL,Female,0,Yes,Yes,63,Yes,No,DSL,Yes,No,No,No,No,No,Two year,Yes,Bank transfer (automatic),50.65,3221.25,No
7016-NVRIC,Male,1,Yes,No,29,Yes,No,Fiber optic,Yes,No,Yes,No,No,Yes,One year,No,Bank transfer (automatic),90.1,2656.7,No
4808-YNLEU,Female,0,Yes,No,35,Yes,No,DSL,Yes,No,No,No,Yes,No,One year,Yes,Bank transfer (automatic),62.15,2215.45,No
1599-MMYRQ,Male,0,Yes,Yes,62,Yes,No,Fiber optic,Yes,Yes,No,No,No,No,One year,Yes,Credit card (automatic),81.45,4983.05,No
1779-PWPMG,Female,1,Yes,No,72,Yes,Yes,Fiber optic,Yes,Yes,Yes,Yes,Yes,Yes,Two year,Yes,Bank transfer (automatic),114.65,8333.95,No
0787-LHDYT,Male,0,No,No,16,Yes,No,No,No internet service,No internet service,No internet service,No internet service,No internet service,No internet service,Month-to-month,Yes,Credit card (automatic),20.6,330.25,No
2027-CWDNU,Male,0,Yes,Yes,18,Yes,No,Fiber optic,No,No,No,Yes,No,Yes,Month-to-month,Yes,Electronic check,85.6,1601.5,No
6791-YBNAK,Male,0,Yes,Yes,18,No,No phone service,DSL,No,No,No,No,No,No,Month-to-month,No,Credit card (automatic),25.55,467.85,No
3882-IYOIJ,Female,0,Yes,Yes,60,Yes,Yes,Fiber optic,Yes,Yes,Yes,Yes,Yes,Yes,Two year,No,Credit card (automatic),115.25,6758.45,No
5980-BDHPY,Male,0,Yes,No,72,Yes,Yes,DSL,Yes,Yes,Yes,Yes,Yes,Yes,Two year,Yes,Bank transfer (automatic),87.1,6230.1,No
6518-KZXCB,Male,0,No,No,22,Yes,Yes,No,No internet service,No internet service,No internet service,No internet service,No internet service,No internet service,Two year,No,Mailed check,25.25,566.5,No
7312-XSBAT,Male,0,No,No,1,Yes,No,DSL,Yes,No,No,No,No,No,Month-to-month,No,Electronic check,49.75,49.75,No
1248-DYXUB,Male,0,Yes,Yes,52,Yes,Yes,No,No internet service,No internet service,No internet service,No internet service,No internet service,No internet service,Two year,No,Mailed check,24.8,1229.1,No
8738-JOKAR,Female,0,No,No,42,Yes,No,DSL,Yes,Yes,No,Yes,No,Yes,One year,Yes,Mailed check,67.7,2882.25,No
3969-GYXEL,Female,0,No,No,11,Yes,No,Fiber optic,Yes,No,No,No,No,No,Month-to-month,No,Electronic check,76.4,838.7,No
3719-TDVQB,Female,1,Yes,No,54,Yes,No,No,No internet service,No internet service,No internet service,No internet service,No internet service,No internet service,Two year,Yes,Mailed check,18.95,1031.1,No
5208-FVQKB,Male,0,Yes,No,70,Yes,No,DSL,Yes,Yes,No,Yes,No,Yes,Two year,No,Mailed check,67.95,4664.15,No
8048-DSDFQ,Male,0,No,No,1,Yes,No,No,No internet service,No internet service,No internet service,No internet service,No internet service,No internet service,Month-to-month,No,Mailed check,20.2,20.2,No
9695-IDRZR,Female,0,No,Yes,34,Yes,Yes,Fiber optic,Yes,Yes,Yes,Yes,Yes,Yes,Two year,Yes,Credit card (automatic),116.15,3946.9,No
0020-JDNXP,Female,0,Yes,Yes,34,No,No phone service,DSL,Yes,No,Yes,Yes,Yes,Yes,One year,No,Mailed check,61.25,1993.2,No
0356-OBMAC,Female,1,No,No,56,Yes,Yes,Fiber optic,No,Yes,Yes,Yes,Yes,No,Two year,Yes,Bank transfer (automatic),99.9,5706.3,No
0458-HEUZG,Female,0,No,No,13,No,No phone service,DSL,No,No,Yes,Yes,No,No,Two year,No,Mailed check,35.4,450.4,No
9909-IDLEK,Male,0,Yes,Yes,20,Yes,Yes,Fiber optic,No,Yes,No,Yes,Yes,No,Month-to-month,No,Mailed check,96.8,1826.7,No
2712-SYWAY,Female,0,No,No,1,Yes,Yes,No,No internet service,No internet service,No internet service,No internet service,No internet service,No internet service,Month-to-month,Yes,Electronic check,25.7,25.7,No
7156-MXBJE,Female,0,No,No,43,Yes,Yes,DSL,No,Yes,Yes,Yes,Yes,Yes,One year,No,Credit card (automatic),85.1,3662.25,No
6668-CNMFP,Female,0,Yes,Yes,19,Yes,Yes,Fiber optic,No,No,No,Yes,No,Yes,One year,Yes,Bank transfer (automatic),89.35,1686.85,No
